{"avg_pitch": 0.1229989309761844, "avg_intensity": 0.016723841444903798, "intensity_peaks_rate": 0.17491294427017381, "pitch_variation": 0.1312984391946498, "intensity_variation": 0.04016920076379685, "avg_len_pause": -0.2782537381060737, "pause_rate": 0.24496392001877296}