{"avg_pitch": 0.15038535811915615, "avg_intensity": -0.03182148183964526, "intensity_peaks_rate": 0.20298580656529427, "pitch_variation": 0.14421025724677555, "intensity_variation": -0.013080798253741473, "avg_len_pause": -0.35245795562056276, "pause_rate": 0.1658595324920494}