,spectralFlux_sma3_amean,spectralFlux_sma3_stddevNorm,spectralFluxV_sma3nz_amean,spectralFluxV_sma3nz_stddevNorm,spectralFluxUV_sma3nz_amean,slopeV0-500_sma3nz_amean,slopeV0-500_sma3nz_stddevNorm,slopeV500-1500_sma3nz_amean,slopeV500-1500_sma3nz_stddevNorm,slopeUV0-500_sma3nz_amean,slopeUV500-1500_sma3nz_amean
count,248.0,248.0,248.0,248.0,248.0,248.0,248.0,248.0,248.0,248.0,248.0
mean,-1.71905500587121e-16,6.73296543966224e-16,-2.1488187573390126e-17,9.418988886336006e-16,0.0,-1.71905500587121e-16,0.0,-2.1488187573390126e-17,-1.844402766715986e-16,-7.162729191130042e-18,-2.865091676452017e-17
std,1.0020222467570024,1.0020222467570024,1.0020222467570026,1.002022246757003,1.0020222467570028,1.0020222467570028,1.0020222467570028,1.0020222467570028,1.0020222467570026,1.0020222467570026,1.0020222467570026
min,-1.1828531463849068,-2.6942586804493516,-1.3381368495889034,-2.331026128211389,-0.8866682741442756,-2.7394844616130123,-12.282900472267544,-3.8872205238045354,-4.1830915662557455,-2.75551321447694,-3.5813615861084585
25%,-0.6117688145164581,-0.5754044001856093,-0.6703775628413127,-0.6975230809933796,-0.48826779134661497,-0.562588248388067,-0.015099018916553263,-0.6502418355592492,-0.3706022421914533,-0.5129832774074864,-0.5317098236296086
50%,-0.31694148523206733,-0.0063040637505013975,-0.30959880711339804,-0.05183061952542408,-0.2998454396640755,0.11841489217189649,0.050436555733725394,-0.020302248115314805,0.2590307455875068,0.03700898809858687,0.019588417218248617
75%,0.11867974796685292,0.6188067257493812,0.20300731307138456,0.5635130821810282,0.09192487593454231,0.7472469703927291,0.16674520127712628,0.6090452409188726,0.6363491789980564,0.6007051850757449,0.6142763420088625
max,4.902773113634579,4.238764842533644,4.572391297619278,4.572101259266194,6.034343020146529,2.4693452769826605,2.575385910702766,2.4878488756033836,2.05523918118088,2.6444665372060903,2.478473237887565
